{
  "m_onEnvelope": {
    "W1-K": 758.5149841308594,
    "W2-K": 0.0,
    "VA2-T": 0.0,
    "VA1-T": 0.0,
    "W1-T": 293.7509765625,
    "W2-T": 0.0,
    "VA1-K": 0.0,
    "VA2-K": 0.0
  },
  "m_offEnvelope": {
    "VA2-T": 0.0,
    "VA1-T": 0.0,
    "W1-T": -264.88401794433594,
    "W2-T": 0.0
  },
  "m_interval": 160.81497192382812,
  "m_applianceName": "Blender"
}