{
  "m_onEnvelope": {
    "W1-K": 0.0,
    "W2-K": 1429.0449829101562,
    "VA2-T": 0.0,
    "VA1-T": 0.0,
    "W1-T": 0.0,
    "W2-T": 1393.738037109375,
    "VA1-K": 0.0,
    "VA2-K": 0.0
  },
  "m_offEnvelope": {
    "VA2-T": 0.0,
    "VA1-T": 0.0,
    "W1-T": 0.0,
    "W2-T": -1381.54296875
  },
  "m_interval": 100.0,
  "m_applianceName": "Boiler"
}