{
  "m_onEnvelope": {
    "W1-K": 942.9850158691406,
    "W2-K": 0.0,
    "VA2-T": 0.0,
    "VA1-T": 0.0,
    "W1-T": 880.4319458007812,
    "W2-T": 0.0,
    "VA1-K": 0.0,
    "VA2-K": 0.0
  },
  "m_offEnvelope": {
    "VA2-T": 0.0,
    "VA1-T": 0.0,
    "W1-T": -899.8899841308594,
    "W2-T": 0.0
  },
  "m_interval": 100.0,
  "m_applianceName": "Cafetiere"
}