{
  "m_onEnvelope": {
    "W1-K": 1129.3541259765625,
    "W2-K": 1028.2012023925781,
    "VA2-T": 0.0,
    "VA1-T": 0.0,
    "W1-T": 1110.73876953125,
    "W2-T": 1030.75126551515,
    "VA1-K": 0.0,
    "VA2-K": 0.0
  },
  "m_offEnvelope": {
    "VA2-T": 0.0,
    "VA1-T": 0.0,
    "W1-T": -1030.54545454545,
    "W2-T": -1020.0010375976562
  },
  "m_interval": 162.157958984375,
  "m_applianceName": "Grand_Rond"
}