{
  "m_onEnvelope": {
    "W1-K": 506.85498046875,
    "W2-K": 0.0,
    "VA2-T": 0.0,
    "VA1-T": 0.0,
    "W1-T": 282.83697509765625,
    "W2-T": 0.0,
    "VA1-K": 0.0,
    "VA2-K": 0.0
  },
  "m_offEnvelope": {
    "VA2-T": 0.0,
    "VA1-T": 0.0,
    "W1-T": -187.65298461914062,
    "W2-T": 0.0
  },
  "m_interval": 100.7550048828125,
  "m_applianceName": "Mixer"
}