{
  "m_onEnvelope": {
    "W1-K": 1437.4650268554688,
    "W2-K": 1369.719970703125,
    "VA2-T": 0.0,
    "VA1-T": 0.0,
    "W1-T": 1376.031982421875,
    "W2-T": 1312.4100341796875,
    "VA1-K": 0.0,
    "VA2-K": 0.0
  },
  "m_offEnvelope": {
    "VA2-T": 0.0,
    "VA1-T": 0.0,
    "W1-T": -1358.3660278320312,
    "W2-T": -1338.0869140625
  },
  "m_interval": 100.0,
  "m_applianceName": "Oven"
}