{
  "m_onEnvelope": {
    "W1-K": 538.8099975585938,
    "W2-K": 523.4449615478516,
    "VA2-T": 0.0,
    "VA1-T": 0.0,
    "W1-T": 513.4759826660156,
    "W2-T": 482.5589294433594,
    "VA1-K": 0.0,
    "VA2-K": 0.0
  },
  "m_offEnvelope": {
    "VA2-T": 0.0,
    "VA1-T": 0.0,
    "W1-T": -498.7029724121094,
    "W2-T": -453.6800079345703
  },
  "m_interval": 100.0,
  "m_applianceName": "PetitRond"
}