{
  "m_onEnvelope": {
    "W1-K": 0.0,
    "W2-K": 841.7949829101562,
    "VA2-T": 0.0,
    "VA1-T": 0.0,
    "W1-T": 0.0,
    "W2-T": 812.7780151367188,
    "VA1-K": 0.0,
    "VA2-K": 0.0
  },
  "m_offEnvelope": {
    "VA2-T": 0.0,
    "VA1-T": 0.0,
    "W1-T": 0.0,
    "W2-T": -780.2439575195312
  },
  "m_interval": 100.0,
  "m_applianceName": "Toaster"
}