{
  "m_onEnvelope": {
    "W1-K": 0.0,
    "W2-K": 639.1112365722656,
    "VA2-T": 0.0,
    "VA1-T": 0.0,
    "W1-T": 0.0,
    "W2-T": 267.4638214111328,
    "VA1-K": 0.0,
    "VA2-K": 0.0
  },
  "m_offEnvelope": {
    "VA2-T": 0.0,
    "VA1-T": 0.0,
    "W1-T": 0.0,
    "W2-T": -268.58335876464844
  },
  "m_interval": 161.54611206054688,
  "m_applianceName": "Aspirateur"
}