{
  "m_onEnvelope": {
    "W1-K": 1743.1051635742188,
    "W2-K": 0.0,
    "VA2-T": 0.0,
    "VA1-T": 0.0,
    "W1-T": 1729.0187377929688,
    "W2-T": 0.0,
    "VA1-K": 0.0,
    "VA2-K": 0.0
  },
  "m_offEnvelope": {
    "VA2-T": 0.0,
    "VA1-T": 0.0,
    "W1-T": -1716.0405883789062,
    "W2-T": 0.0
  },
  "m_interval": 100.0,
  "m_applianceName": "HairDryer"
}